# v_mps,ax_max_mps2,ay1_max_mps2
10,10.42393,13.831994
11,10.625011,14.008594
12,10.839078,14.187018
13,11.066131,14.367266
14,11.30617,14.549338
15,11.559195,14.733234
16,11.825206,14.918954
17,12.104203,15.106498
18,12.396186,15.295866
19,12.701155,15.487058
20,13.01911,15.680074
21,13.350051,15.874914
22,13.693978,16.071578
23,14.050891,16.270066
24,14.42079,16.470378
25,14.803675,16.672514
26,15.199546,16.876474
27,15.608403,17.082258
28,16.030246,17.289866
29,16.465075,17.499298
30,16.91289,17.710554
31,17.373691,17.923634
32,17.847478,18.138538
33,18.334251,18.355266
34,18.83401,18.573818
35,19.346755,18.794194
36,19.872486,19.016394
37,20.411203,19.240418
38,20.962906,19.466266
39,21.527595,19.693938
40,22.10527,19.923434
41,22.695931,20.154754
42,23.299578,20.387898
43,23.916211,20.622866
44,24.54583,20.859658
45,25.188435,21.098274
46,25.844026,21.338714
47,26.512603,21.580978
48,27.194166,21.825066
49,27.888715,22.070978
50,28.59625,22.318714
51,29.316771,22.568274
52,30.050278,22.819658
53,30.796771,23.072866
54,31.55625,23.327898
55,32.328715,23.584754
56,33.114166,23.843434
57,33.912603,24.103938
58,34.724026,24.366266
59,35.548435,24.630418
60,36.38583,24.896394
61,37.236211,25.164194
62,38.099578,25.433818
63,38.975931,25.705266
64,39.86527,25.978538
65,40.767595,26.253634
66,41.682906,26.530554
67,42.611203,26.809298
68,43.552486,27.089866
69,44.506755,27.372258
70,45.47401,27.656474
71,46.454251,27.942514
72,47.447478,28.230378
73,48.453691,28.520066
74,49.47289,28.811578
75,50.505075,29.104914
76,51.550246,29.400074
77,52.608403,29.697058
78,53.679546,29.995866
79,54.763675,30.296498
80,55.86079,30.598954
